0.010121, 6
0.017299, 8
0.023464, 10
0.028967, 11
0.033461, 13
0.037742, 14
0.041919, 14
0.045633, 16
0.048963, 18
0.052213, 19
0.055487, 19
0.058652, 19
0.061571, 21
0.064301, 22
0.066917, 23
0.069570, 23
0.072224, 23
0.074812, 24
0.077259, 25
0.079592, 26
0.081820, 28
0.084049, 28
0.086278, 28
0.088535, 27
0.090692, 28
0.092808, 29
0.094837, 30
0.096811, 31
0.098727, 32
0.100662, 32
0.102602, 32
0.104561, 31
0.106449, 33
0.108313, 33
0.110120, 34
0.111880, 35
0.113583, 36
0.115296, 36
0.117014, 36
0.118745, 36
0.120487, 35
0.122209, 36
0.123884, 37
0.125521, 38
0.127111, 39
0.128677, 39
0.130210, 40
0.131766, 40
0.133323, 40
0.134913, 39
0.136489, 39
0.138040, 40
0.139550, 41
0.141035, 42
0.142488, 43
0.143936, 43
0.145350, 44
0.146784, 43
0.148213, 43
0.149652, 43
0.151081, 43
0.152514, 43
0.153924, 44
0.155330, 44
0.156706, 45
0.158078, 45
0.159432, 46
0.160761, 47
0.162067, 47
0.163382, 47
0.164702, 47
0.166037, 46
0.167376, 46
0.168729, 46
0.170058, 47
0.171369, 47
0.172651, 48
0.173924, 49
0.175173, 50
0.176426, 49
0.177656, 50
0.178905, 50
0.180154, 50
0.181407, 49
0.182656, 50
0.183915, 49
0.185158, 50
0.186403, 50
0.187628, 51
0.188858, 50
0.190068, 51
0.191265, 52
0.192439, 53
0.193608, 53
0.194776, 53
0.195955, 53
0.197138, 52
0.198344, 51
0.199541, 52
0.200743, 51
0.201922, 53
0.203095, 53
0.204250, 54
0.205404, 54
0.206544, 54
0.207694, 54
0.208825, 55
0.209951, 55
0.211063, 56
0.212189, 55
0.213315, 55
0.214455, 54
0.215596, 54
0.216750, 54
0.217891, 54
0.219021, 55
0.220128, 56
0.221235, 56
0.222323, 57
0.223416, 57
0.224495, 57
0.225583, 57
0.226666, 57
0.227759, 57
0.228838, 57
0.229931, 57
0.231024, 57
0.232126, 56
0.233219, 57
0.234317, 56
0.235405, 57
0.236479, 58
0.237539, 58
0.238594, 59
0.239639, 59
0.240685, 59
0.241721, 60
0.242776, 59
0.243827, 59
0.244882, 59
0.245932, 59
0.246992, 58
0.248047, 59
0.249111, 58
0.250156, 59
0.251211, 59
0.252257, 59
0.253293, 60
0.254315, 61
0.255332, 61
0.256339, 62
0.257347, 62
0.258355, 62
0.259381, 60
0.260403, 61
0.261430, 60
0.262452, 61
0.263484, 60
0.264511, 60
0.265538, 60
0.266555, 61
0.267582, 60
0.268595, 61
0.269608, 61
0.270597, 63
0.271590, 62
0.272570, 63
0.273554, 63
0.274538, 63
0.275537, 62
0.276535, 62
0.277543, 62
0.278537, 62
0.279545, 62
0.280544, 62
0.281552, 62
0.282545, 62
0.283544, 62
0.284537, 62
0.285522, 63
0.286492, 64
0.287462, 64
0.288422, 65
0.289387, 64
0.290348, 65
0.291323, 64
0.292302, 63
0.293282, 63
0.294256, 64
0.295236, 63
0.296220, 63
0.297204, 63
0.298179, 64
0.299159, 63
0.300133, 64
0.301103, 64
0.302054, 65
0.303005, 65
0.303946, 66
0.304893, 66
0.305835, 66
0.306790, 65
0.307741, 65
0.308701, 65
0.309652, 65
0.310607, 65
0.311567, 65
0.312537, 64
0.313492, 65
0.314457, 64
0.315417, 65
0.316363, 66
0.317305, 66
0.318237, 67
0.319164, 67
0.320100, 66
0.321023, 67
0.321955, 67
0.322886, 67
0.323828, 66
0.324755, 67
0.325691, 66
0.326633, 66
0.327579, 66
0.328525, 66
0.329480, 65
0.330422, 66
0.331363, 66
0.332290, 67
0.333212, 67
0.334130, 68
0.335052, 67
0.335965, 68
0.336887, 67
0.337800, 68
0.338718, 68
0.339631, 68
0.340549, 68
0.341467, 68
0.342398, 67
0.343326, 67
0.344272, 66
0.345208, 66
0.346135, 67
0.347053, 68
0.347971, 68
0.348879, 68
0.349792, 68
0.350700, 68
0.351613, 68
0.352517, 69
0.353420, 69
0.354314, 69
0.355213, 69
0.356112, 69
0.357025, 68
0.357933, 68
0.358860, 67
0.359788, 67
0.360710, 67
0.361623, 68
0.362532, 68
0.362942, 152
0.363435, 126
0.364339, 69
0.365238, 69
0.366146, 68
0.367045, 69
0.367939, 69
0.368823, 70
0.369708, 70
0.370588, 71
0.371482, 69
0.372376, 69
0.373285, 68
0.374188, 69
0.375102, 68
0.376005, 69
0.376909, 69
0.377808, 69
0.378708, 69
0.379602, 69
0.380506, 69
0.381400, 69
0.382290, 70
0.383170, 71
0.384046, 71
0.384916, 71
0.385792, 71
0.386672, 71
0.387562, 70
0.388451, 70
0.389346, 69
0.390235, 70
0.391130, 69
0.392024, 69
0.392919, 69
0.393808, 70
0.394712, 69
0.395602, 70
0.396491, 70
0.397367, 71
0.398238, 71
0.399108, 71
0.399979, 71
0.400845, 72
0.401726, 71
0.402596, 71
0.403476, 71
0.404347, 71
0.405223, 71
0.406103, 71
0.406988, 70
0.407877, 70
0.408776, 69
0.409666, 70
0.410555, 70
0.411431, 71
0.412301, 71
0.413172, 71
0.414043, 71
0.414909, 72
0.415779, 71
0.416645, 72
0.417511, 72
0.418368, 72
0.419229, 72
0.420090, 72
0.420966, 71
0.421836, 71
0.422726, 70
0.423611, 70
0.424496, 70
0.425371, 71
0.426247, 71
0.427113, 72
0.427983, 71
0.428849, 72
0.429720, 71
0.430586, 72
0.431452, 72
0.432299, 73
0.433151, 73
0.433998, 73
0.434854, 72
0.435711, 72
0.436586, 71
0.437452, 72
0.438328, 71
0.439199, 71
0.440069, 71
0.440935, 72
0.441806, 71
0.442672, 72
0.443548, 71
0.444414, 72
0.445275, 72
0.446127, 73
0.446974, 73
0.447821, 73
0.448668, 73
0.449515, 73
0.450372, 72
0.451223, 73
0.452080, 72
0.452932, 73
0.453788, 72
0.454650, 72
0.455516, 72
0.456382, 72
0.457257, 71
0.458123, 72
0.458984, 72
0.459836, 73
0.460688, 73
0.461535, 73
0.462386, 73
0.463229, 74
0.464080, 73
0.464922, 74
0.465769, 73
0.466602, 75
0.467444, 74
0.468286, 74
0.469138, 73
0.469994, 72
0.470860, 72
0.471725, 72
0.472591, 72
0.473442, 73
0.474294, 73
0.475141, 73
0.475992, 73
0.476839, 73
0.477691, 73
0.478537, 73
0.479380, 74
0.480212, 75
0.481045, 75
0.481873, 75
0.482711, 74
0.483548, 74
0.484400, 73
0.485247, 73
0.486104, 72
0.486951, 73
0.487803, 73
0.488654, 73
0.489511, 72
0.490358, 73
0.491214, 72
0.492061, 73
0.492908, 73
0.493741, 75
0.494574, 75
0.495407, 75
0.496239, 75
0.497067, 75
0.497905, 74
0.498738, 75
0.499580, 74
0.500413, 75
0.501251, 74
0.502093, 74
0.502940, 73
0.503792, 73
0.504653, 72
0.505505, 73
0.506356, 73
0.507194, 74
0.508032, 74
0.508864, 75
0.509702, 74
0.510530, 75
0.511372, 74
0.512205, 75
0.513033, 75
0.513852, 76
0.514680, 75
0.515508, 75
0.516346, 74
0.517178, 75
0.518030, 73
0.518877, 73
0.519729, 73
0.520571, 74
0.521418, 73
0.522251, 75
0.523093, 74
0.523931, 74
0.524773, 74
0.525606, 75
0.526443, 74
0.527267, 75
0.528090, 75
0.528904, 76
0.529727, 75
0.530550, 75
0.531388, 74
0.532221, 75
0.533058, 74
0.533891, 75
0.534733, 74
0.535571, 74
0.536413, 74
0.537256, 74
0.538102, 73
0.538940, 74
0.539782, 74
0.540605, 75
0.541434, 75
0.542257, 75
0.543080, 75
0.543903, 75
0.544731, 75
0.545555, 75
0.546378, 75
0.547197, 76
0.548020, 75
0.548844, 75
0.549681, 74
0.550514, 75
0.551361, 73
0.552203, 74
0.553050, 73
0.553878, 75
0.554711, 75
0.555539, 75
0.556367, 75
0.557191, 75
0.558023, 75
0.558851, 75
0.559675, 75
0.560484, 77
0.561298, 76
0.562107, 77
0.562931, 75
0.563749, 76
0.564582, 75
0.565410, 75
0.566248, 74
0.567076, 75
0.567914, 74
0.568742, 75
0.569575, 75
0.570408, 75
0.571240, 75
0.572073, 75
0.572901, 75
0.573715, 76
0.574534, 76
0.575343, 77
0.576162, 76
0.576971, 77
0.577789, 76
0.578608, 76
0.579431, 75
0.580245, 76
0.581069, 75
0.581892, 75
0.582720, 75
0.583553, 75
0.584395, 74
0.585232, 74
0.586065, 75
0.586888, 75
0.587706, 76
0.588525, 76
0.589348, 75
0.590162, 76
0.590985, 75
0.591803, 76
0.592617, 76
0.593421, 77
0.594230, 77
0.595039, 77
0.595858, 76
0.596676, 76
0.597509, 75
0.598336, 75
0.599174, 74
0.599997, 75
0.600829, 75
0.601652, 75
0.602476, 75
0.603299, 75
0.604126, 75
0.604950, 75
0.605768, 76
0.606577, 77
0.607391, 76
0.608195, 77
0.609004, 77
0.609808, 77
0.610627, 76
0.611440, 76
0.612263, 75
0.613077, 76
0.613896, 76
0.614714, 76
0.615542, 75
0.616370, 75
0.617202, 75
0.618035, 75
0.618858, 75
0.619672, 76
0.620490, 76
0.621299, 77
0.622113, 76
0.622922, 77
0.623735, 76
0.624549, 76
0.625358, 77
0.626157, 78
0.626961, 77
0.627770, 77
0.628584, 76
0.629398, 76
0.630230, 75
0.631058, 75
0.631886, 75
0.632709, 75
0.633532, 75
0.634345, 76
0.635164, 76
0.635977, 76
0.636800, 75
0.637618, 76
0.638432, 76
0.639236, 77
0.640040, 77
0.640840, 78
0.641639, 78
0.642443, 77
0.643261, 76
0.644075, 76
0.644894, 76
0.645707, 76
0.646526, 76
0.647344, 76
0.648172, 75
0.648991, 76
0.649824, 75
0.650642, 76
0.651466, 75
0.652275, 77
0.653084, 77
0.653888, 77
0.654697, 77
0.655502, 77
0.656316, 76
0.657120, 77
0.657929, 77
0.658724, 78
0.659529, 77
0.660338, 77
0.661152, 76
0.661965, 76
0.662794, 75
0.663617, 75
0.664445, 75
0.665264, 76
0.666077, 76
0.666887, 77
0.667705, 76
0.668514, 77
0.669333, 76
0.670142, 77
0.670951, 77
0.671751, 78
0.672550, 78
0.673345, 78
0.674145, 78
0.674949, 77
0.675763, 76
0.676576, 76
0.677395, 76
0.678204, 77
0.679023, 76
0.679837, 76
0.680660, 75
0.681478, 76
0.682302, 75
0.683120, 76
0.683939, 76
0.684743, 77
0.685548, 77
0.686347, 78
0.687151, 77
0.687951, 78
0.688760, 77
0.689560, 78
0.690369, 77
0.691164, 78
0.691969, 77
0.692773, 77
0.693587, 76
0.694401, 76
0.695229, 75
0.696052, 75
0.696876, 75
0.697685, 77
0.698499, 76
0.699304, 77
0.700117, 76
0.700921, 77
0.701735, 76
0.702545, 77
0.703349, 77
0.704144, 78
0.704939, 78
0.705734, 78
0.706533, 78
0.707333, 78
0.708147, 76
0.708956, 77
0.709775, 76
0.710584, 77
0.711398, 76
0.712212, 76
0.713030, 76
0.713844, 76
0.714663, 76
0.715482, 76
0.716291, 77
0.717095, 77
0.717894, 78
0.718694, 78
0.719493, 78
0.720293, 78
0.721097, 77
0.721896, 78
0.722701, 77
0.723495, 78
0.724300, 77
0.725099, 78
0.725913, 76
0.726726, 76
0.727549, 75
0.728373, 75
0.729191, 76
0.730000, 77
0.730809, 77
0.731613, 77
0.732422, 77
0.733226, 77
0.734035, 77
0.734839, 77
0.735644, 77
0.736434, 79
0.737228, 78
0.738018, 79
0.738817, 78
0.739617, 78
0.740426, 77
0.741240, 76
0.742053, 76
0.742862, 77
0.743676, 76
0.744485, 77
0.745303, 76
0.746112, 77
0.746931, 76
0.747740, 77
0.748553, 76
0.749348, 78
0.750148, 78
0.750942, 78
0.751742, 78
0.752537, 78
0.753336, 78
0.754136, 78
0.754940, 77
0.755735, 78
0.756534, 78
0.757338, 77
0.758147, 77
0.758961, 76
0.759784, 75
0.760603, 76
0.761421, 76
0.762225, 77
0.763034, 77
0.763834, 78
0.764638, 77
0.765442, 77
0.766251, 77
0.767051, 78
0.767855, 77
0.768640, 79
0.769435, 78
0.770225, 79
0.771020, 78
0.771819, 78
0.772633, 76
0.773442, 77
0.774256, 76
0.775060, 77
0.775874, 76
0.776683, 77
0.777497, 76
0.778306, 77
0.779120, 76
0.779929, 77
0.780738, 77
0.781533, 78
0.782332, 78
0.783123, 79
0.783918, 78
0.784712, 78
0.785512, 78
0.786312, 78
0.787112, 78
0.787907, 78
0.788706, 78
0.789506, 78
0.790315, 77
0.791124, 77
0.791947, 75
0.792766, 76
0.793580, 76
0.794384, 77
0.795188, 77
0.795988, 78
0.796792, 77
0.797592, 78
0.798396, 77
0.799195, 78
0.799995, 78
0.800785, 79
0.801575, 79
0.802360, 79
0.803159, 78
0.803954, 78
0.804763, 77
0.805572, 77
0.806385, 76
0.807189, 77
0.808003, 76
0.808807, 77
0.809621, 76
0.810425, 77
0.811239, 76
0.812043, 77
0.812852, 77
0.813647, 78
0.814442, 78
0.815232, 79
0.816027, 78
0.816817, 79
0.817617, 78
0.818411, 78
0.819211, 78
0.820006, 78
0.820806, 78
0.821605, 78
0.822414, 77
0.823223, 77
0.824042, 76
0.824856, 76
0.825674, 76
0.826474, 78
0.827278, 77
0.828073, 78
0.828877, 77
0.829672, 78
0.830481, 77
0.831276, 78
0.832075, 78
0.832861, 79
0.833651, 79
0.834436, 79
0.835236, 78
0.836031, 78
0.836840, 77
0.837644, 77
0.838458, 76
0.839262, 77
0.840071, 77
0.840880, 77
0.841689, 77
0.842493, 77
0.843302, 77
0.844111, 77
0.844916, 77
0.845710, 78
0.846500, 79
0.847290, 79
0.848085, 78
0.848875, 79
0.849670, 78
0.850470, 78
0.851269, 78
0.852059, 79
0.852859, 78
0.853658, 78
0.854467, 77
0.855276, 77
0.856095, 76
0.856909, 76
0.857722, 76
0.858522, 78
0.859326, 77
0.860121, 78
0.860925, 77
0.861720, 78
0.862524, 77
0.863324, 78
0.864118, 78
0.864903, 79
0.865689, 79
0.866478, 79
0.867273, 78
0.868068, 78
0.868877, 77
0.869681, 77
0.870494, 76
0.871298, 77
0.872107, 77
0.872911, 77
0.873720, 77
0.874524, 77
0.875333, 77
0.876137, 77
0.876941, 77
0.877735, 78
0.878530, 78
0.879315, 79
0.880109, 78
0.880895, 79
0.881694, 78
0.882488, 78
0.883288, 78
0.884078, 79
0.884877, 78
0.885677, 78
0.886481, 77
0.887289, 77
0.888107, 76
0.888921, 76
0.889735, 76
0.890534, 78
0.891333, 78
0.892127, 78
0.892927, 78
0.893726, 78
0.894525, 78
0.895325, 78
0.896119, 78
0.896904, 79
0.897689, 79
0.898474, 79
0.899269, 78
0.900063, 78
0.900872, 77
0.901676, 77
0.902485, 77
0.903289, 77
0.904098, 77
0.904902, 77
0.905711, 77
0.906510, 78
0.907324, 76
0.908128, 77
0.908928, 78
0.909722, 78
0.910513, 79
0.911303, 79
0.912093, 79
0.912878, 79
0.913677, 78
0.914472, 78
0.915267, 78
0.916062, 78
0.916857, 78
0.917656, 78
0.918460, 77
0.919269, 77
0.920088, 76
0.920897, 77
0.921710, 76
0.922510, 78
0.923309, 78
0.924104, 78
0.924904, 78
0.925699, 78
0.926503, 77
0.927298, 78
0.928092, 78
0.928878, 79
0.929663, 79
0.930448, 79
0.931243, 78
0.932038, 78
0.932843, 77
0.933652, 77
0.934461, 77
0.935265, 77
0.936069, 77
0.936873, 77
0.937682, 77
0.938482, 78
0.939296, 76
0.940095, 78
0.940899, 77
0.941689, 79
0.942484, 78
0.943269, 79
0.944064, 78
0.944850, 79
0.945644, 78
0.946439, 78
0.947234, 78
0.948029, 78
0.948824, 78
0.949624, 78
0.950428, 77
0.951232, 77
0.952051, 76
0.952865, 76
0.953674, 77
0.954473, 78
0.955273, 78
0.956068, 78
0.956867, 78
0.957662, 78
0.958466, 77
0.959261, 78
0.960056, 78
0.960841, 79
0.961627, 79
0.962412, 79
0.963202, 79
0.963997, 78
0.964802, 77
0.965611, 77
0.966415, 77
0.967219, 77
0.968028, 77
0.968833, 77
0.969637, 77
0.970441, 77
0.971250, 77
0.972055, 77
0.972854, 78
0.973644, 79
0.974439, 78
0.975224, 79
0.976019, 78
0.976805, 79
0.977600, 78
0.978390, 79
0.979189, 78
0.979980, 79
0.980774, 78
0.981569, 78
0.982378, 77
0.983183, 77
0.983997, 76
0.984810, 76
0.985619, 77
0.986419, 78
0.987219, 78
0.988014, 78
0.988813, 78
0.989608, 78
0.990408, 78
0.991202, 78
0.991997, 78
0.992783, 79
0.993568, 79
0.994353, 79
0.995144, 79
0.995938, 78
0.996743, 77
0.997547, 77
0.998351, 77
0.999156, 77
0.999965, 77
1.000764, 78
1.001573, 77
1.002373, 78
1.003182, 77
1.003986, 77
1.004786, 78
1.005576, 79
1.006371, 78
1.007156, 79
1.007946, 79
1.008731, 79
1.009526, 78
1.010321, 78
1.011116, 78
1.011906, 79
1.012701, 78
1.013496, 78
1.014301, 77
1.015105, 77
1.015919, 76
1.016733, 76
1.017542, 77
1.018341, 78
1.019141, 78
1.019936, 78
1.020735, 78
1.021526, 79
1.022330, 77
1.023125, 78
1.023920, 78
1.024700, 80
1.025486, 79
1.026271, 79
1.027061, 79
1.027851, 79
1.028656, 77
1.029460, 77
1.030269, 77
1.031069, 78
1.031873, 77
1.032677, 77
1.033482, 77
1.034281, 78
1.035091, 77
1.035895, 77
1.036699, 77
1.037484, 79
1.038279, 78
1.039064, 79
1.039854, 79
1.040639, 79
1.041434, 78
1.042224, 79
1.043019, 78
1.043809, 79
1.044604, 78
1.045398, 78
1.046198, 78
1.047002, 77
1.047820, 76
1.048629, 77
1.049438, 77
1.050237, 78
1.051037, 78
1.051831, 78
1.052626, 78
1.053421, 78
1.054220, 78
1.055015, 78
1.055809, 78
1.056595, 79
1.057375, 80
1.058161, 79
1.058951, 79
1.059741, 79
1.060546, 77
1.061345, 78
1.062150, 77
1.062949, 78
1.063758, 77
1.064558, 78
1.065362, 77
1.066166, 77
1.066974, 77
1.067774, 78
1.068573, 78
1.069368, 78
1.070158, 79
1.070943, 79
1.071733, 79
1.072518, 79
1.073309, 79
1.074099, 79
1.074894, 78
1.075684, 79
1.076474, 79
1.077269, 78
1.078074, 77
1.078873, 78
1.079692, 76
1.080501, 77
1.081310, 77
1.082110, 78
1.082909, 78
1.083699, 79
1.084499, 78
1.085294, 78
1.086094, 78
1.086889, 78
1.087684, 78
1.088464, 80
1.089250, 79
1.090030, 80
1.090821, 79
1.091611, 79
1.092411, 78
1.093215, 77
1.094020, 77
1.094820, 78
1.095624, 77
1.096424, 78
1.097228, 77
1.098032, 77
1.098842, 77
1.099641, 78
1.100446, 77
1.101236, 79
1.102026, 79
1.102811, 79
1.103601, 79
1.104386, 79
1.105181, 78
1.105966, 79
1.106761, 78
1.107546, 79
1.108341, 78
1.109131, 79
1.109935, 77
1.110734, 78
1.111548, 76
1.112361, 76
1.113170, 77
1.113969, 78
1.114769, 78
1.115559, 79
1.116358, 78
1.117153, 78
1.117952, 78
1.118747, 78
1.119541, 78
1.120322, 80
1.121107, 79
1.121887, 80
1.122677, 79
1.123462, 79
1.124266, 77
1.125066, 78
1.125870, 77
1.126669, 78
1.127469, 78
1.128273, 77
1.129077, 77
1.129881, 77
1.130685, 77
1.131490, 77
1.132294, 77
1.133083, 79
1.133873, 79
1.134658, 79
1.135448, 79
1.136233, 79
1.137028, 78
1.137818, 79
1.138608, 79
1.139393, 79
1.140188, 78
1.140978, 79
1.141777, 78
1.142577, 78
1.143395, 76
1.144204, 77
1.145013, 77
1.145812, 78
1.146611, 78
1.147406, 78
1.148201, 78
1.148995, 78
1.149795, 78
1.150589, 78
1.151384, 78
1.152164, 80
1.152950, 79
1.153730, 80
1.154520, 79
1.155306, 79
1.156110, 77
1.156910, 78
1.157709, 78
1.158509, 78
1.159308, 78
1.160113, 77
1.160922, 77
1.161721, 78
1.162530, 77
1.163335, 77
1.164134, 78
1.164924, 79
1.165719, 78
1.166505, 79
1.167295, 79
1.168080, 79
1.168875, 78
1.169665, 79
1.170455, 79
1.171240, 79
1.172035, 78
1.172825, 79
1.173625, 78
1.174424, 78
1.175238, 76
1.176047, 77
1.176860, 76
1.177655, 78
1.178460, 77
1.179250, 79
1.180049, 78
1.180844, 78
1.181648, 77
1.182443, 78
1.183238, 78
1.184018, 80
1.184803, 79
1.185584, 80
1.186369, 79
1.187159, 79
1.187959, 78
1.188758, 78
1.189563, 77
1.190357, 78
1.191162, 77
1.191961, 78
1.192770, 77
1.193570, 78
1.194379, 77
1.195183, 77
1.195987, 77
1.196778, 79
1.197568, 79
1.198358, 79
1.199148, 79
1.199933, 79
1.200728, 78
1.201518, 79
1.202308, 79
1.203094, 79
1.203884, 79
1.204674, 79
1.205474, 78
1.206274, 78
1.207087, 76
1.207896, 77
1.208705, 77
1.209505, 78
1.210305, 78
1.211100, 78
1.211899, 78
1.212694, 78
1.213494, 78
1.214293, 78
1.215088, 78
1.215869, 80
1.216654, 79
1.217435, 80
1.218220, 79
1.219005, 79
1.219810, 77
1.220605, 78
1.221409, 77
1.222204, 78
1.223008, 77
1.223812, 77
1.224616, 77
1.225420, 77
1.226229, 77
1.227034, 77
1.227838, 77
1.228628, 79
1.229418, 79
1.230203, 79
1.230998, 78
1.231784, 79
1.232579, 78
1.233369, 79
1.234159, 79
1.234940, 80
1.235730, 79
1.236520, 79
1.237319, 78
1.238119, 78
1.238928, 77
1.239737, 77
1.240551, 76
1.241350, 78
1.242149, 78
1.242944, 78
1.243743, 78
1.244533, 79
1.245337, 77
1.246132, 78
1.246927, 78
1.247713, 79
1.248493, 80
1.249274, 80
1.250064, 79
1.250849, 79
1.251649, 78
1.252444, 78
1.253248, 77
1.254043, 78
1.254847, 77
1.255647, 78
1.256456, 77
1.257256, 78
1.258065, 77
1.258869, 77
1.259674, 77
1.260464, 79
1.261259, 78
1.262044, 79
1.262839, 78
1.263625, 79
1.264419, 78
1.265210, 79
1.265995, 79
1.266780, 79
1.267571, 79
1.268356, 79
1.269156, 78
1.269951, 78
1.270765, 76
1.271574, 77
1.272382, 77
1.273182, 78
1.273982, 78
1.274777, 78
1.275577, 78
1.276371, 78
1.277171, 78
1.277971, 78
1.278766, 78
1.279546, 80
1.280332, 79
1.281112, 80
1.281898, 79
1.282683, 79
1.283483, 78
1.284282, 78
1.285082, 78
1.285877, 78
1.286676, 78
1.287476, 78
1.288285, 77
1.289089, 77
1.289898, 77
1.290702, 77
1.291507, 77
1.292297, 79
1.293087, 79
1.293877, 79
1.294667, 79
1.295453, 79
1.296252, 78
1.297038, 79
1.297828, 79
1.298609, 80
1.299399, 79
1.300184, 79
1.300984, 78
1.301779, 78
1.302588, 77
1.303397, 77
1.304206, 77
1.305005, 78
1.305810, 77
1.306604, 78
1.307404, 78
1.308199, 78
1.308998, 78
1.309798, 78
1.310593, 78
1.311373, 80
1.312159, 79
1.312939, 80
1.313725, 79
1.314510, 79
1.315310, 78
1.316105, 78
1.316904, 78
1.317699, 78
1.318499, 78
1.319298, 78
1.320107, 77
1.320912, 77
1.321721, 77
1.322525, 77
1.323330, 77
1.324120, 79
1.324915, 78
1.325700, 79
1.326495, 78
1.327280, 79
1.328075, 78
1.328864, 79
1.329654, 79
1.330435, 80
1.331220, 79
1.332010, 79
1.332805, 78
1.333599, 78
1.334408, 77
1.335217, 77
1.336026, 77
1.336825, 78
1.337629, 77
1.338424, 78
1.339223, 78
1.340018, 78
1.340822, 77
1.341617, 78
1.342411, 78
1.343197, 79
1.343982, 79
1.344763, 80
1.345548, 79
1.346334, 79
1.347133, 78
1.347928, 78
1.348728, 78
1.349523, 78
1.350323, 78
1.351122, 78
1.351932, 77
1.352731, 78
1.353545, 76
1.354349, 77
1.355153, 77
1.355943, 79
1.356738, 78
1.357528, 79
1.358318, 79
1.359108, 79
1.359903, 78
1.360692, 79
1.361477, 79
1.362263, 79
1.363048, 79
1.363834, 79
1.364629, 78
1.365424, 78
1.366233, 77
1.367042, 77
1.367851, 77
1.368651, 78
1.369455, 77
1.370250, 78
1.371054, 77
1.371849, 78
1.372653, 77
1.373448, 78
1.374242, 78
1.375027, 79
1.375813, 79
1.376593, 80
1.377383, 79
1.378163, 80
1.378963, 78
1.379757, 78
1.380557, 78
1.381346, 79
1.382146, 78
1.382945, 78
1.383749, 77
1.384553, 77
1.385366, 76
1.386170, 77
1.386974, 77
1.387769, 78
1.388559, 79
1.389348, 79
1.390143, 78
1.390928, 79
1.391727, 78
1.392517, 79
1.393302, 79
1.394083, 80
1.394872, 79
1.395658, 79
1.396452, 78
1.397247, 78
1.398056, 77
1.398860, 77
1.399673, 76
1.400473, 78
1.401277, 77
1.402071, 78
1.402875, 77
1.403670, 78
1.404474, 77
1.405268, 78
1.406068, 78
1.406853, 79
1.407638, 79
1.408418, 80
1.409203, 79
1.409988, 79
1.410783, 78
1.411578, 78
1.412377, 78
1.413167, 79
1.413966, 78
1.414761, 78
1.415570, 77
1.416374, 77
1.417183, 77
1.417992, 77
1.418796, 77
1.419591, 78
1.420386, 78
1.421171, 79
1.421966, 78
1.422756, 79
1.423551, 78
1.424341, 79
1.425131, 79
1.425911, 80
1.426697, 79
1.427482, 79
1.428277, 78
1.429072, 78
1.429880, 77
1.430685, 77
1.431494, 77
1.432298, 77
1.433098, 78
1.433897, 78
1.434697, 78
1.435497, 78
1.436301, 77
1.437101, 78
1.437896, 78
1.438681, 79
1.439466, 79
1.440251, 79
1.441036, 79
1.441817, 80
1.442611, 78
1.443406, 78
1.444206, 78
1.444995, 79
1.445790, 78
1.446589, 78
1.447394, 77
1.448198, 77
1.449011, 76
1.449815, 77
1.450619, 77
1.451414, 78
1.452208, 78
1.452998, 79
1.453793, 78
1.454578, 79
1.455377, 78
1.456167, 79
1.456957, 79
1.457737, 80
1.458522, 79
1.459307, 79
1.460097, 79
1.460892, 78
1.461700, 77
1.462504, 77
1.463313, 77
1.464112, 78
1.464916, 77
1.465716, 78
1.466515, 78
1.467314, 78
1.468119, 77
1.468918, 78
1.469713, 78
1.470498, 79
1.471288, 79
1.472069, 80
1.472854, 79
1.473639, 79
1.474434, 78
1.475224, 79
1.476019, 78
1.476809, 79
1.477604, 78
1.478403, 78
1.479207, 77
1.480012, 77
1.480825, 76
1.481630, 77
1.482434, 77
1.483228, 78
1.484023, 78
1.484813, 79
1.485608, 78
1.486398, 79
1.487198, 78
1.487988, 79
1.488777, 79
1.489558, 80
1.490338, 80
1.491124, 79
1.491919, 78
1.492709, 79
1.493518, 77
1.494322, 77
1.495131, 77
1.495930, 78
1.496734, 77
1.497534, 78
1.498338, 77
1.499133, 78
1.499942, 77
1.500741, 78
1.501535, 78
1.502320, 79
1.503110, 79
1.503890, 80
1.504680, 79
1.505460, 80
1.506255, 78
1.507045, 79
1.507844, 78
1.508629, 79
1.509429, 78
1.510223, 78
1.511027, 77
1.511831, 77
1.512644, 76
1.513448, 77
1.514257, 77
1.515052, 78
1.515846, 78
1.516636, 79
1.517430, 78
1.518220, 79
1.519019, 78
1.519809, 79
1.520599, 79
1.521379, 80
1.522165, 79
1.522945, 80
1.523740, 78
1.524530, 79
1.525339, 77
1.526143, 77
1.526952, 77
1.527752, 78
1.528556, 77
1.529355, 78
1.530159, 77
1.530954, 78
1.531762, 77
1.532562, 78
1.533356, 78
1.534146, 79
1.534931, 79
1.535716, 79
1.536501, 79
1.537286, 79
1.538081, 78
1.538871, 79
1.539665, 78
1.540455, 79
1.541250, 78
1.542044, 78
1.542848, 77
1.543652, 77
1.544466, 76
1.545274, 77
1.546079, 77
1.546874, 78
1.547673, 78
1.548463, 79
1.549258, 78
1.550048, 79
1.550847, 78
1.551637, 79
1.552427, 79
1.553208, 80
1.553993, 79
1.554778, 79
1.555568, 79
1.556358, 79
1.557167, 77
1.557972, 77
1.558776, 77
1.559580, 77
1.560385, 77
1.561184, 78
1.561989, 77
1.562788, 78
1.563592, 77
1.564392, 78
1.565192, 78
1.565982, 79
1.566767, 79
1.567552, 79
1.568342, 79
1.569122, 80
1.569917, 78
1.570707, 79
1.571502, 78
1.572292, 79
1.573087, 78
1.573882, 78
1.574686, 77
1.575490, 77
1.576304, 76
1.577113, 77
1.577922, 77
1.578717, 78
1.579516, 78
1.580306, 79
1.581101, 78
1.581891, 79
1.582691, 78
1.583486, 78
1.584276, 79
1.585057, 80
1.585842, 79
1.586622, 80
1.587417, 78
1.588207, 79
1.589011, 77
1.589816, 77
1.590624, 77
1.591424, 78
1.592228, 77
1.593027, 78
1.593831, 77
1.594630, 78
1.595439, 77
1.596238, 78
1.597037, 78
1.597827, 79
1.598617, 79
1.599397, 80
1.600187, 79
1.600972, 79
1.601762, 79
1.602556, 78
1.603351, 78
1.604136, 79
1.604931, 78
1.605725, 78
1.606529, 77
1.607333, 77
1.608147, 76
1.608955, 77
1.609764, 77
1.610558, 78
1.611358, 78
1.612147, 79
1.612942, 78
1.613736, 78
1.614536, 78
1.615325, 79
1.616120, 78
1.616900, 80
1.617680, 80
1.618461, 80
1.619255, 78
1.620045, 79
1.620849, 77
1.621649, 78
1.622458, 77
1.623257, 78
1.624061, 77
1.624861, 78
1.625665, 77
1.626464, 78
1.627273, 77
1.628073, 78
1.628872, 78
1.629662, 79
1.630452, 79
1.631233, 80
1.632023, 79
1.632808, 79
1.633598, 79
1.634388, 79
1.635183, 78
1.635973, 79
1.636768, 78
1.637558, 79
1.638362, 77
1.639166, 77
1.639980, 76
1.640788, 77
1.641597, 77
1.642392, 78
1.643191, 78
1.643986, 78
1.644781, 78
1.645571, 79
1.646370, 78
1.647165, 78
1.647955, 79
1.648735, 80
1.649521, 79
1.650301, 80
1.651091, 79
1.651881, 79
1.652685, 77
1.653485, 78
1.654289, 77
1.655089, 78
1.655893, 77
1.656697, 77
1.657501, 77
1.658300, 78
1.659104, 77
1.659909, 77
1.660708, 78
1.661498, 79
1.662288, 79
1.663068, 80
1.663858, 79
1.664643, 79
1.665438, 78
1.666223, 79
1.667018, 78
1.667808, 79
1.668598, 79
1.669393, 78
1.670193, 78
1.670997, 77
1.671811, 76
1.672619, 77
1.673428, 77
1.674228, 78
1.675023, 78
1.675817, 78
1.676612, 78
1.677402, 79
1.678207, 77
1.678996, 79
1.679791, 78
1.680572, 80
1.681352, 80
1.682133, 80
1.682923, 79
1.683713, 79
1.684512, 78
1.685317, 77
1.686121, 77
1.686920, 78
1.687720, 78
1.688524, 77
1.689329, 77
1.690128, 78
1.690932, 77
1.691737, 77
1.692536, 78
1.693326, 79
1.694116, 79
1.694901, 79
1.695692, 79
1.696472, 80
1.697267, 78
1.698052, 79
1.698847, 78
1.699632, 79
1.700427, 78
1.701217, 79
1.702017, 78
1.702821, 77
1.703635, 76
1.704444, 77
1.705253, 77
1.706048, 78
1.706847, 78
1.707637, 79
1.708437, 78
1.709227, 79
1.710031, 77
1.710821, 79
1.711616, 78
1.712397, 80
1.713182, 79
1.713962, 80
1.714748, 79
1.715538, 79
1.716337, 78
1.717137, 78
1.717942, 77
1.718741, 78
1.719545, 77
1.720345, 78
1.721149, 77
1.721949, 78
1.722758, 77
1.723562, 77
1.724362, 78
1.725152, 79
1.725942, 79
1.726727, 79
1.727518, 79
1.728303, 79
1.729093, 79
1.729883, 79
1.730678, 78
1.731464, 79
1.732254, 79
1.733044, 79
1.733844, 78
1.734648, 77
1.735462, 76
1.736271, 77
1.737080, 77
1.737880, 78
1.738674, 78
1.739469, 78
1.740269, 78
1.741059, 79
1.741863, 77
1.742658, 78
1.743448, 79
1.744233, 79
1.745014, 80
1.745795, 80
1.746580, 79
1.747370, 79
1.748170, 78
1.748969, 78
1.749774, 77
1.750573, 78
1.751373, 78
1.752177, 77
1.752982, 77
1.753786, 77
1.754595, 77
1.755394, 78
1.756199, 77
1.756989, 79
1.757779, 79
1.758564, 79
1.759354, 79
1.760140, 79
1.760934, 78
1.761725, 79
1.762515, 79
1.763300, 79
1.764095, 78
1.764885, 79
1.765685, 78
1.766485, 78
1.767299, 76
1.768112, 76
1.768921, 77
1.769721, 78
1.770520, 78
1.771315, 78
1.772110, 78
1.772905, 78
1.773710, 77
1.774504, 78
1.775295, 79
1.776080, 79
1.776865, 79
1.777646, 80
1.778431, 79
1.779222, 79
1.780021, 78
1.780821, 78
1.781625, 77
1.782420, 78
1.783224, 77
1.784024, 78
1.784833, 77
1.785633, 78
1.786442, 77
1.787246, 77
1.788050, 77
1.788840, 79
1.789630, 79
1.790420, 79
1.791210, 79
1.791996, 79
1.792791, 78
1.793581, 79
1.794371, 79
1.795156, 79
1.795947, 79
1.796737, 79
1.797541, 77
1.798341, 78
1.799150, 77
1.799964, 76
1.800773, 77
1.801573, 78
1.802372, 78
1.803167, 78
1.803967, 78
1.804762, 78
1.805561, 78
1.806361, 78
1.807151, 79
1.807936, 79
1.808721, 79
1.809502, 80
1.810287, 79
1.811077, 79
1.811876, 78
1.812676, 78
1.813480, 77
1.814275, 78
1.815079, 77
1.815878, 78
1.816687, 77
1.817491, 77
1.818300, 77
1.819104, 77
1.819903, 78
1.820698, 78
1.821487, 79
1.822272, 79
1.823067, 78
1.823852, 79
1.824647, 78
1.825437, 79
1.826226, 79
1.827012, 79
1.827797, 79
1.828591, 78
1.829386, 78
1.830186, 78
1.830999, 76
1.831808, 77
1.832621, 76
1.833421, 78
1.834220, 78
1.835015, 78
1.835814, 78
1.836608, 78
1.837408, 78
1.838207, 78
1.838997, 79
1.839782, 79
1.840568, 79
1.841348, 80
1.842134, 79
1.842919, 79
1.843723, 77
1.844518, 78
1.845322, 77
1.846117, 78
1.846922, 77
1.847721, 78
1.848530, 77
1.849334, 77
1.850143, 77
1.850948, 77
1.851747, 78
1.852542, 78
1.853332, 79
1.854122, 79
1.854912, 79
1.855697, 79
1.856492, 78
1.857282, 79
1.858072, 79
1.858857, 79
1.859643, 79
1.860433, 79
1.861232, 78
1.862032, 78
1.862841, 77
1.863650, 77
1.864464, 76
1.865263, 78
1.866063, 78
1.866857, 78
1.867657, 78
1.868452, 78
1.869256, 77
1.870050, 78
1.870845, 78
1.871630, 79
1.872415, 79
1.873191, 80
1.873981, 79
1.874766, 79
1.875566, 78
1.876360, 78
1.877165, 77
1.877959, 78
1.878764, 77
1.879563, 78
1.880372, 77
1.881172, 78
1.881985, 76
1.882789, 77
1.883593, 77
1.884383, 79
1.885177, 78
1.885962, 79
1.886752, 79
1.887542, 79
1.888337, 78
1.889127, 79
1.889917, 79
1.890697, 80
1.891487, 79
1.892272, 79
1.893072, 78
1.893866, 78
1.894680, 76
1.895489, 77
1.896297, 77
1.897097, 78
1.897896, 78
1.898695, 78
1.899495, 78
1.900284, 79
1.901089, 77
1.901883, 78
1.902683, 78
1.903464, 80
1.904249, 79
1.905029, 80
1.905815, 79
1.906600, 79
1.907400, 78
1.908195, 78
1.908999, 77
1.909794, 78
1.910594, 78
1.911394, 78
1.912202, 77
1.913007, 77
1.913816, 77
1.914620, 77
1.915424, 77
1.916215, 79
1.917009, 78
1.917799, 79
1.918590, 79
1.919375, 79
1.920170, 78
1.920960, 79
1.921750, 79
1.922530, 80
1.923320, 79
1.924106, 79
1.924901, 78
1.925700, 78
1.926509, 77
1.927318, 77
1.928127, 77
1.928926, 78
1.929731, 77
1.930526, 78
1.931325, 78
1.932120, 78
1.932924, 77
1.933719, 78
1.934513, 78
1.935299, 79
1.936084, 79
1.936864, 80
1.937650, 79
1.938435, 79
1.939230, 78
1.940029, 78
1.940829, 78
1.941623, 78
1.942423, 78
1.943223, 78
1.944027, 77
1.944831, 77
1.945645, 76
1.946449, 77
1.947249, 78
1.948043, 78
1.948833, 79
1.949623, 79
1.950418, 78
1.951204, 79
1.951998, 78
1.952788, 79
1.953579, 79
1.954359, 80
1.955145, 79
1.955930, 79
1.956730, 78
1.957524, 78
1.958333, 77
1.959138, 77
1.959951, 76
1.960751, 78
1.961550, 78
1.962350, 78
1.963150, 78
1.963945, 78
1.964749, 77
1.965544, 78
1.966343, 78
1.967124, 80
1.967914, 79
1.968695, 80
1.969480, 79
1.970261, 80
1.971060, 78
1.971855, 78
1.972655, 78
1.973450, 78
1.974249, 78
1.975049, 78
1.975858, 77
1.976657, 78
1.977471, 76
1.978275, 77
1.979080, 77
1.979874, 78
1.980669, 78
1.981455, 79
1.982249, 78
1.983039, 79
1.983834, 78
1.984625, 79
1.985410, 79
1.986190, 80
1.986980, 79
1.987766, 79
1.988561, 78
1.989355, 78
1.990164, 77
1.990973, 77
1.991782, 77
1.992582, 78
1.993386, 77
1.994185, 78
1.994985, 78
1.995780, 78
1.996584, 77
1.997383, 78
1.998178, 78
1.998963, 79
1.999753, 79
2.000534, 80
2.001319, 79
2.002105, 79
2.002900, 78
2.003694, 78
2.004494, 78
2.005288, 78
2.006083, 78
2.006882, 78
2.007691, 77
2.008495, 77
2.009309, 76
2.010113, 77
2.010917, 77
2.011712, 78
2.012502, 79
2.013292, 79
2.014086, 78
2.014877, 79
2.015671, 78
2.016461, 79
2.017251, 79
2.018032, 80
2.018818, 79
2.019603, 79
2.020398, 78
2.021193, 78
2.022001, 77
2.022806, 77
2.023619, 76
2.024419, 78
2.025223, 77
2.026022, 78
2.026822, 78
2.027616, 78
2.028420, 77
2.029219, 78
2.030018, 78
2.030804, 79
2.031589, 79
2.032370, 80
2.033155, 79
2.033941, 79
2.034735, 78
2.035530, 78
2.036330, 78
2.037120, 79
2.037919, 78
2.038714, 78
2.039523, 77
2.040327, 77
2.041136, 77
2.041945, 77
2.042749, 77
2.043544, 78
2.044338, 78
2.045124, 79
2.045918, 78
2.046709, 79
2.047503, 78
2.048298, 78
2.049084, 79
2.049864, 80
2.050650, 79
2.051440, 79
2.052235, 78
2.053025, 79
2.053834, 77
2.054644, 77
2.055453, 77
2.056252, 78
2.057056, 77
2.057856, 78
2.058660, 77
2.059455, 78
2.060259, 77
2.061059, 78
2.061853, 78
2.062643, 79
2.063428, 79
2.064209, 80
2.064999, 79
2.065779, 80
2.066574, 78
2.067368, 78
2.068168, 78
2.068958, 79
2.069752, 78
2.070552, 78
2.071356, 77
2.072160, 77
2.072973, 76
2.073777, 77
2.074586, 77
2.075380, 78
2.076175, 78
2.076964, 79
2.077759, 78
2.078544, 79
2.079344, 78
2.080133, 79
2.080923, 79
2.081704, 80
2.082489, 79
2.083275, 79
2.084070, 78
2.084860, 79
2.085669, 77
2.086473, 77
2.087282, 77
2.088087, 77
2.088891, 77
2.089690, 78
2.090490, 78
2.091289, 78
2.092093, 77
2.092893, 78
2.093692, 78
2.094478, 79
2.095263, 79
2.096049, 79
2.096834, 79
2.097615, 80
2.098409, 78
2.099204, 78
2.099999, 78
2.100789, 79
2.101584, 78
2.102379, 78
2.103188, 77
2.103992, 77
2.104801, 77
2.105610, 77
2.106414, 77
2.107209, 78
2.108004, 78
2.108794, 79
2.109589, 78
2.110379, 79
2.111178, 78
2.111968, 79
2.112759, 79
2.113539, 80
2.114320, 80
2.115105, 79
2.115900, 78
2.116690, 79
2.117499, 77
2.118303, 77
2.119112, 77
2.119916, 77
2.120721, 77
2.121515, 78
2.122319, 77
2.123114, 78
2.123923, 77
2.124722, 78
2.125517, 78
2.126307, 79
2.127092, 79
2.127872, 80
2.128663, 79
2.129443, 80
2.130238, 78
2.131027, 79
2.131826, 78
2.132612, 79
2.133406, 78
2.134205, 78
2.135009, 77
2.135813, 77
2.136627, 76
2.137431, 77
2.138240, 77
2.139034, 78
2.139828, 78
2.140618, 79
2.141412, 78
2.142203, 79
2.143002, 78
2.143792, 79
2.144582, 79
2.145363, 80
2.146149, 79
2.146930, 80
2.147724, 78
2.148515, 79
2.149323, 77
2.150128, 77
2.150932, 77
2.151736, 77
2.152540, 77
2.153340, 78
2.154144, 77
2.154939, 78
2.155748, 77
2.156547, 78
2.157347, 78
2.158132, 79
2.158918, 79
2.159703, 79
2.160493, 79
2.161274, 80
2.162069, 78
2.162859, 79
2.163654, 78
2.164444, 79
2.165239, 78
2.166033, 78
2.166837, 77
2.167642, 77
2.168455, 76
2.169264, 77
2.170069, 77
2.170863, 78
2.171663, 78
2.172453, 79
2.173248, 78
2.174038, 79
2.174837, 78
2.175632, 78
2.176422, 79
2.177203, 80
2.177989, 79
2.178770, 80
2.179564, 78
2.180355, 79
2.181164, 77
2.181963, 78
2.182772, 77
2.183576, 77
2.184381, 77
2.185180, 78
2.185984, 77
2.186784, 78
2.187588, 77
2.188388, 78
2.189187, 78
2.189977, 79
2.190763, 79
2.191548, 79
2.192338, 79
2.193119, 80
2.193914, 78
2.194704, 79
2.195499, 78
2.196289, 79
2.197084, 78
2.197879, 78
2.198683, 77
2.199487, 77
2.200301, 76
2.201110, 77
2.201919, 77
2.202714, 78
2.203513, 78
2.204304, 79
2.205103, 78
2.205893, 79
2.206693, 78
2.207483, 79
2.208278, 78
2.209059, 80
2.209839, 80
2.210625, 79
2.211415, 79
2.212210, 78
2.213014, 77
2.213819, 77
2.214628, 77
2.215427, 78
2.216231, 77
2.217036, 77
2.217840, 77
2.218639, 78
2.219443, 77
2.220247, 77
2.221046, 78
2.221832, 79
2.222621, 79
2.223407, 79
2.224196, 79
2.224977, 80
2.225771, 78
2.226561, 79
2.227360, 78
2.228146, 79
2.228940, 78
2.229735, 78
2.230539, 77
2.231343, 77
2.232161, 76
2.232970, 77
2.233779, 77
2.234574, 78
2.235374, 78
2.236164, 79
2.236964, 78
2.237754, 79
2.238553, 78
2.239348, 78
2.240138, 79
2.240919, 80
2.241704, 79
2.242485, 80
2.243280, 78
2.244070, 79
2.244874, 77
2.245679, 77
2.246483, 77
2.247287, 77
2.248091, 77
2.248890, 78
2.249695, 77
2.250494, 78
2.251303, 77
2.252103, 78
2.252902, 78
2.253693, 79
2.254483, 79
2.255268, 79
2.256058, 79
2.256839, 80
2.257634, 78
2.258424, 79
2.259219, 78
2.260010, 79
2.260804, 78
2.261599, 78
2.262403, 77
2.263203, 78
2.264022, 76
2.264831, 77
2.265640, 77
2.266435, 78
2.267234, 78
2.268029, 78
2.268824, 78
2.269614, 79
2.270418, 77
2.271209, 79
2.272003, 78
2.272784, 80
2.273570, 79
2.274350, 80
2.275141, 79
2.275931, 79
2.276735, 77
2.277540, 77
2.278344, 77
2.279148, 77
2.279952, 77
2.280751, 78
2.281555, 77
2.282355, 78
2.283163, 77
2.283967, 77
2.284767, 78
2.285556, 79
2.286346, 79
2.287132, 79
2.287921, 79
2.288702, 80
2.289497, 78
2.290287, 79
2.291082, 78
2.291872, 79
2.292662, 79
2.293457, 78
2.294261, 77
2.295061, 78
2.295879, 76
2.296688, 77
2.297497, 77
2.298297, 78
2.299092, 78
2.299886, 78
2.300686, 78
2.301476, 79
2.302276, 78
2.303071, 78
2.303865, 78
2.304646, 80
2.305427, 80
2.306212, 79
2.307003, 79
2.307793, 79
2.308592, 78
2.309397, 77
2.310201, 77
2.311001, 78
2.311805, 77
2.312609, 77
2.313413, 77
2.314213, 78
2.315022, 77
2.315821, 78
2.316626, 77
2.317411, 79
2.318201, 79
2.318987, 79
2.319777, 79
2.320563, 79
2.321357, 78
2.322148, 79
2.322942, 78
2.323728, 79
2.324518, 79
2.325313, 78
2.326117, 77
2.326917, 78
2.327731, 76
2.328544, 76
2.329353, 77
2.330148, 78
2.330947, 78
2.331742, 78
2.332541, 78
2.333332, 79
2.334131, 78
2.334926, 78
2.335721, 78
2.336501, 80
2.337282, 80
2.338068, 79
2.338853, 79
2.339643, 79
2.340448, 77
2.341248, 78
2.342052, 77
2.342851, 78
2.343655, 77
2.344455, 78
2.345264, 77
2.346063, 78
2.346872, 77
2.347672, 78
2.348476, 77
2.349266, 79
2.350056, 79
2.350841, 79
2.351631, 79
2.352416, 79
2.353205, 79
2.353996, 79
2.354790, 78
2.355575, 79
2.356370, 78
2.357159, 79
2.357963, 77
2.358763, 78
2.359576, 76
2.360389, 76
2.361198, 77
2.361993, 78
2.362792, 78
2.363586, 78
2.364385, 78
2.365175, 79
2.365979, 77
2.366773, 78
2.367563, 79
2.368348, 79
2.369128, 80
2.369909, 80
2.370699, 79
2.371488, 79
2.372288, 78
2.373087, 78
2.373891, 77
2.374690, 78
2.375494, 77
2.376298, 77
2.377102, 77
2.377902, 78
2.378710, 77
2.379514, 77
2.380314, 78
2.381104, 79
2.381894, 79
2.382684, 79
2.383474, 79
2.384259, 79
2.385050, 79
2.385840, 79
2.386634, 78
2.387420, 79
2.388210, 79
2.389004, 78
2.389804, 78
2.390603, 78
2.391417, 76
2.392231, 76
2.393039, 77
2.393839, 78
2.394638, 78
2.395428, 79
2.396228, 78
2.397022, 78
2.397822, 78
2.398617, 78
2.399411, 78
2.400192, 80
2.400977, 79
2.401758, 80
2.402548, 79
2.403333, 79
2.404133, 78
2.404932, 78
2.405736, 77
2.406536, 78
2.407340, 77
2.408139, 78
2.408948, 77
2.409748, 78
2.410556, 77
2.411360, 77
2.412160, 78
2.412950, 79
2.413744, 78
2.414530, 79
2.415320, 79
2.416105, 79
2.416900, 78
2.417685, 79
2.418480, 78
2.419265, 79
2.420055, 79
2.420845, 79
2.421649, 77
2.422449, 78
2.423262, 76
2.424071, 77
2.424880, 77
2.425679, 78
2.426478, 78
2.427273, 78
2.428072, 78
2.428867, 78
2.429667, 78
2.430466, 78
2.431256, 79
2.432041, 79
2.432826, 79
2.433607, 80
2.434392, 79
2.435181, 79
2.435981, 78
2.436779, 78
2.437583, 77
2.438378, 78
2.439182, 77
2.439986, 77
2.440790, 77
2.441594, 77
2.442403, 77
2.443208, 77
2.444007, 78
2.444797, 79
2.445592, 78
2.446377, 79
2.447167, 79
2.447952, 79
2.448746, 78
2.449536, 79
2.450326, 79
2.451112, 79
2.451902, 79
2.452697, 78
2.453496, 78
2.454296, 78
2.455105, 77
2.455918, 76
2.456727, 77
2.457527, 78
2.458326, 78
2.459121, 78
2.459920, 78
2.460714, 78
2.461514, 78
2.462313, 78
2.463107, 78
2.463887, 80
2.464672, 79
2.465453, 80
2.466238, 79
2.467028, 79
2.467827, 78
2.468626, 78
2.469430, 77
2.470225, 78
2.471029, 77
2.471828, 78
2.472637, 77
2.473436, 78
2.474249, 76
2.475053, 77
2.475852, 78
2.476642, 79
2.477437, 78
2.478222, 79
2.479012, 79
2.479801, 79
2.480596, 78
2.481381, 79
2.482171, 79
2.482956, 79
2.483745, 79
2.484535, 79
2.485335, 78
2.486129, 78
2.486943, 76
2.487751, 77
2.488560, 77
2.489364, 77
2.490163, 78
2.490957, 78
2.491757, 78
2.492547, 79
2.493350, 77
2.494145, 78
2.494939, 78
2.495724, 79
2.496505, 80
2.497285, 80
2.498075, 79
2.498860, 79
2.499659, 78
